frame_index,time_s,json_timestamp_s,frame_count,exchange_status,prearm_hold_active,parse_ok,required_fields_present,gyro_x,gyro_y,gyro_z,accel_x,accel_y,accel_z,position_n,position_e,position_d,velocity_n,velocity_e,velocity_d,quat_w,quat_x,quat_y,quat_z,quat_norm,accel_norm,accel_align_to_minus_gravity,source_accel_x,source_accel_y,source_accel_z,linear_accel_x,linear_accel_y,linear_accel_z,gravity_body_x,gravity_body_y,gravity_body_z,ground_candidate,all_finite,accel_mode,accel_explanation
1,0.0014364,0.01,0,ответная передача,1,0,1,0,0,0,0,0,0,0,0,0,0,0,0,1,0,0,0,1,0,NaN,NaN,NaN,NaN,NaN,NaN,NaN,NaN,NaN,NaN,0,0,,
2,0.0259593,0.02,0,ответная передача,1,0,1,0,0,0,0,0,0,0,0,0,0,0,0,1,0,0,0,1,0,NaN,NaN,NaN,NaN,NaN,NaN,NaN,NaN,NaN,NaN,0,0,,
3,0.0291013,0.03,517,ответная передача,1,0,1,0,0,0,0,0,0,0,0,0,0,0,0,1,0,0,0,1,0,NaN,NaN,NaN,NaN,NaN,NaN,NaN,NaN,NaN,NaN,0,0,,
4,0.0420453,0.04,0,ответная передача,1,0,1,0,0,0,0,0,0,0,0,0,0,0,0,1,0,0,0,1,0,NaN,NaN,NaN,NaN,NaN,NaN,NaN,NaN,NaN,NaN,0,0,,
5,0.0544859,0.05,0,ответная передача,1,0,1,0,0,0,0,0,0,0,0,0,0,0,0,1,0,0,0,1,0,NaN,NaN,NaN,NaN,NaN,NaN,NaN,NaN,NaN,NaN,0,0,,
6,0.0635235,0.06,518,ответная передача,1,0,1,0,0,0,0,0,0,0,0,0,0,0,0,1,0,0,0,1,0,NaN,NaN,NaN,NaN,NaN,NaN,NaN,NaN,NaN,NaN,0,0,,
7,0.0765293,0.07,0,ответная передача,1,0,1,0,0,0,0,0,0,0,0,0,0,0,0,1,0,0,0,1,0,NaN,NaN,NaN,NaN,NaN,NaN,NaN,NaN,NaN,NaN,0,0,,
8,0.0888071,0.08,0,ответная передача,1,0,1,0,0,0,0,0,0,0,0,0,0,0,0,1,0,0,0,1,0,NaN,NaN,NaN,NaN,NaN,NaN,NaN,NaN,NaN,NaN,0,0,,
9,0.0998218,0.09,519,ответная передача,1,0,1,0,0,0,0,0,0,0,0,0,0,0,0,1,0,0,0,1,0,NaN,NaN,NaN,NaN,NaN,NaN,NaN,NaN,NaN,NaN,0,0,,
10,0.1133561,0.1,0,ответная передача,1,0,1,0,0,0,0,0,0,0,0,0,0,0,0,1,0,0,0,1,0,NaN,NaN,NaN,NaN,NaN,NaN,NaN,NaN,NaN,NaN,0,0,,
11,0.125387,0.11,0,ответная передача,1,0,1,0,0,0,0,0,0,0,0,0,0,0,0,1,0,0,0,1,0,NaN,NaN,NaN,NaN,NaN,NaN,NaN,NaN,NaN,NaN,0,0,,
12,0.1331317,0.12,520,ответная передача,1,0,1,0,0,0,0,0,0,0,0,0,0,0,0,1,0,0,0,1,0,NaN,NaN,NaN,NaN,NaN,NaN,NaN,NaN,NaN,NaN,0,0,,
13,0.1459207,0.13,0,ответная передача,1,0,1,0,0,0,0,0,0,0,0,0,0,0,0,1,0,0,0,1,0,NaN,NaN,NaN,NaN,NaN,NaN,NaN,NaN,NaN,NaN,0,0,,
14,0.1584185,0.14,0,ответная передача,1,0,1,0,0,0,0,0,0,0,0,0,0,0,0,1,0,0,0,1,0,NaN,NaN,NaN,NaN,NaN,NaN,NaN,NaN,NaN,NaN,0,0,,
15,0.1663624,0.15,521,ответная передача,1,0,1,0,0,0,0,0,0,0,0,0,0,0,0,1,0,0,0,1,0,NaN,NaN,NaN,NaN,NaN,NaN,NaN,NaN,NaN,NaN,0,0,,
16,0.1793698,0.16,0,ответная передача,1,0,1,0,0,0,0,0,0,0,0,0,0,0,0,1,0,0,0,1,0,NaN,NaN,NaN,NaN,NaN,NaN,NaN,NaN,NaN,NaN,0,0,,
17,0.1917389,0.17,0,ответная передача,1,0,1,0,0,0,0,0,0,0,0,0,0,0,0,1,0,0,0,1,0,NaN,NaN,NaN,NaN,NaN,NaN,NaN,NaN,NaN,NaN,0,0,,
18,0.1998147,0.18,522,ответная передача,1,0,1,0,0,0,0,0,0,0,0,0,0,0,0,1,0,0,0,1,0,NaN,NaN,NaN,NaN,NaN,NaN,NaN,NaN,NaN,NaN,0,0,,
19,0.2128304,0.19,0,ответная передача,1,0,1,0,0,0,0,0,0,0,0,0,0,0,0,1,0,0,0,1,0,NaN,NaN,NaN,NaN,NaN,NaN,NaN,NaN,NaN,NaN,0,0,,
20,0.2248984,0.2,0,ответная передача,1,0,1,0,0,0,0,0,0,0,0,0,0,0,0,1,0,0,0,1,0,NaN,NaN,NaN,NaN,NaN,NaN,NaN,NaN,NaN,NaN,0,0,,
21,0.2330392,0.21,523,ответная передача,1,0,1,0,0,0,0,0,0,0,0,0,0,0,0,1,0,0,0,1,0,NaN,NaN,NaN,NaN,NaN,NaN,NaN,NaN,NaN,NaN,0,0,,
22,0.2460251,0.22,0,ответная передача,1,0,1,0,0,0,0,0,0,0,0,0,0,0,0,1,0,0,0,1,0,NaN,NaN,NaN,NaN,NaN,NaN,NaN,NaN,NaN,NaN,0,0,,
23,0.2580996,0.23,0,ответная передача,1,0,1,0,0,0,0,0,0,0,0,0,0,0,0,1,0,0,0,1,0,NaN,NaN,NaN,NaN,NaN,NaN,NaN,NaN,NaN,NaN,0,0,,
24,0.270506,0.24,0,ответная передача,1,0,1,0,0,0,0,0,0,0,0,0,0,0,0,1,0,0,0,1,0,NaN,NaN,NaN,NaN,NaN,NaN,NaN,NaN,NaN,NaN,0,0,,
25,0.2828535,0.25,0,ответная передача,1,0,1,0,0,0,0,0,0,0,0,0,0,0,0,1,0,0,0,1,0,NaN,NaN,NaN,NaN,NaN,NaN,NaN,NaN,NaN,NaN,0,0,,
26,0.2955901,0.26,0,ответная передача,1,0,1,0,0,0,0,0,0,0,0,0,0,0,0,1,0,0,0,1,0,NaN,NaN,NaN,NaN,NaN,NaN,NaN,NaN,NaN,NaN,0,0,,
27,0.307743,0.27,0,ответная передача,1,0,1,0,0,0,0,0,0,0,0,0,0,0,0,1,0,0,0,1,0,NaN,NaN,NaN,NaN,NaN,NaN,NaN,NaN,NaN,NaN,0,0,,
28,0.3172021,0.28,524,ответная передача,1,0,1,0,0,0,0,0,0,0,0,0,0,0,0,1,0,0,0,1,0,NaN,NaN,NaN,NaN,NaN,NaN,NaN,NaN,NaN,NaN,0,0,,
29,0.3305975,0.29,0,ответная передача,1,0,1,0,0,0,0,0,0,0,0,0,0,0,0,1,0,0,0,1,0,NaN,NaN,NaN,NaN,NaN,NaN,NaN,NaN,NaN,NaN,0,0,,
30,0.342697,0.3,0,ответная передача,1,0,1,0,0,0,0,0,0,0,0,0,0,0,0,1,0,0,0,1,0,NaN,NaN,NaN,NaN,NaN,NaN,NaN,NaN,NaN,NaN,0,0,,
31,0.3546418,0.31,0,ответная передача,1,0,1,0,0,0,0,0,0,0,0,0,0,0,0,1,0,0,0,1,0,NaN,NaN,NaN,NaN,NaN,NaN,NaN,NaN,NaN,NaN,0,0,,
32,0.3580456,0.32,525,ответная передача,1,0,1,0,0,0,0,0,0,0,0,0,0,0,0,1,0,0,0,1,0,NaN,NaN,NaN,NaN,NaN,NaN,NaN,NaN,NaN,NaN,0,0,,
33,0.3711329,0.33,0,ответная передача,1,0,1,0,0,0,0,0,0,0,0,0,0,0,0,1,0,0,0,1,0,NaN,NaN,NaN,NaN,NaN,NaN,NaN,NaN,NaN,NaN,0,0,,
34,0.3834632,0.34,0,ответная передача,1,0,1,0,0,0,0,0,0,0,0,0,0,0,0,1,0,0,0,1,0,NaN,NaN,NaN,NaN,NaN,NaN,NaN,NaN,NaN,NaN,0,0,,
35,0.392174,0.35,526,ответная передача,1,0,1,0,0,0,0,0,0,0,0,0,0,0,0,1,0,0,0,1,0,NaN,NaN,NaN,NaN,NaN,NaN,NaN,NaN,NaN,NaN,0,0,,
36,0.4050346,0.36,0,ответная передача,1,0,1,0,0,0,0,0,0,0,0,0,0,0,0,1,0,0,0,1,0,NaN,NaN,NaN,NaN,NaN,NaN,NaN,NaN,NaN,NaN,0,0,,
37,0.4177417,0.37,0,ответная передача,1,0,1,0,0,0,0,0,0,0,0,0,0,0,0,1,0,0,0,1,0,NaN,NaN,NaN,NaN,NaN,NaN,NaN,NaN,NaN,NaN,0,0,,
38,0.4255026,0.38,527,ответная передача,1,0,1,0,0,0,0,0,0,0,0,0,0,0,0,1,0,0,0,1,0,NaN,NaN,NaN,NaN,NaN,NaN,NaN,NaN,NaN,NaN,0,0,,
39,0.4384403,0.39,0,ответная передача,1,0,1,0,0,0,0,0,0,0,0,0,0,0,0,1,0,0,0,1,0,NaN,NaN,NaN,NaN,NaN,NaN,NaN,NaN,NaN,NaN,0,0,,
40,0.4506325,0.4,0,ответная передача,1,0,1,0,0,0,0,0,0,0,0,0,0,0,0,1,0,0,0,1,0,NaN,NaN,NaN,NaN,NaN,NaN,NaN,NaN,NaN,NaN,0,0,,
41,0.4623449,0.41,528,ответная передача,1,0,1,0,0,0,0,0,0,0,0,0,0,0,0,1,0,0,0,1,0,NaN,NaN,NaN,NaN,NaN,NaN,NaN,NaN,NaN,NaN,0,0,,
42,0.4757929,0.42,0,ответная передача,1,0,1,0,0,0,0,0,0,0,0,0,0,0,0,1,0,0,0,1,0,NaN,NaN,NaN,NaN,NaN,NaN,NaN,NaN,NaN,NaN,0,0,,
43,0.4882164,0.43,0,ответная передача,1,0,1,0,0,0,0,0,0,0,0,0,0,0,0,1,0,0,0,1,0,NaN,NaN,NaN,NaN,NaN,NaN,NaN,NaN,NaN,NaN,0,0,,
44,0.4961511,0.44,529,ответная передача,1,0,1,0,0,0,0,0,0,0,0,0,0,0,0,1,0,0,0,1,0,NaN,NaN,NaN,NaN,NaN,NaN,NaN,NaN,NaN,NaN,0,0,,
45,0.5094225,0.45,0,ответная передача,1,0,1,0,0,0,0,0,0,0,0,0,0,0,0,1,0,0,0,1,0,NaN,NaN,NaN,NaN,NaN,NaN,NaN,NaN,NaN,NaN,0,0,,
46,0.5214938,0.46,0,ответная передача,1,0,1,0,0,0,0,0,0,0,0,0,0,0,0,1,0,0,0,1,0,NaN,NaN,NaN,NaN,NaN,NaN,NaN,NaN,NaN,NaN,0,0,,
47,0.5296814,0.47,530,ответная передача,1,0,1,0,0,0,0,0,0,0,0,0,0,0,0,1,0,0,0,1,0,NaN,NaN,NaN,NaN,NaN,NaN,NaN,NaN,NaN,NaN,0,0,,
48,0.5429189,0.48,0,ответная передача,1,0,1,0,0,0,0,0,0,0,0,0,0,0,0,1,0,0,0,1,0,NaN,NaN,NaN,NaN,NaN,NaN,NaN,NaN,NaN,NaN,0,0,,
49,0.5548588,0.49,0,ответная передача,1,0,1,0,0,0,0,0,0,0,0,0,0,0,0,1,0,0,0,1,0,NaN,NaN,NaN,NaN,NaN,NaN,NaN,NaN,NaN,NaN,0,0,,
50,0.5637202,0.5,531,ответная передача,1,0,1,0,0,0,0,0,0,0,0,0,0,0,0,1,0,0,0,1,0,NaN,NaN,NaN,NaN,NaN,NaN,NaN,NaN,NaN,NaN,0,0,,
51,0.5768275,0.51,0,ответная передача,1,0,1,0,0,0,0,0,0,0,0,0,0,0,0,1,0,0,0,1,0,NaN,NaN,NaN,NaN,NaN,NaN,NaN,NaN,NaN,NaN,0,0,,
52,0.5889013,0.52,0,ответная передача,1,0,1,0,0,0,0,0,0,0,0,0,0,0,0,1,0,0,0,1,0,NaN,NaN,NaN,NaN,NaN,NaN,NaN,NaN,NaN,NaN,0,0,,
53,0.6001619,0.53,532,ответная передача,1,0,1,0,0,0,0,0,0,0,0,0,0,0,0,1,0,0,0,1,0,NaN,NaN,NaN,NaN,NaN,NaN,NaN,NaN,NaN,NaN,0,0,,
54,0.613022,0.54,0,ответная передача,1,0,1,0,0,0,0,0,0,0,0,0,0,0,0,1,0,0,0,1,0,NaN,NaN,NaN,NaN,NaN,NaN,NaN,NaN,NaN,NaN,0,0,,
55,0.6252262,0.55,0,ответная передача,1,0,1,0,0,0,0,0,0,0,0,0,0,0,0,1,0,0,0,1,0,NaN,NaN,NaN,NaN,NaN,NaN,NaN,NaN,NaN,NaN,0,0,,
56,0.6340411,0.56,533,ответная передача,1,0,1,0,0,0,0,0,0,0,0,0,0,0,0,1,0,0,0,1,0,NaN,NaN,NaN,NaN,NaN,NaN,NaN,NaN,NaN,NaN,0,0,,
57,0.6467967,0.57,0,ответная передача,1,0,1,0,0,0,0,0,0,0,0,0,0,0,0,1,0,0,0,1,0,NaN,NaN,NaN,NaN,NaN,NaN,NaN,NaN,NaN,NaN,0,0,,
58,0.6598113,0.58,0,ответная передача,1,0,1,0,0,0,0,0,0,0,0,0,0,0,0,1,0,0,0,1,0,NaN,NaN,NaN,NaN,NaN,NaN,NaN,NaN,NaN,NaN,0,0,,
59,0.6669607,0.59,534,ответная передача,1,0,1,0,0,0,0,0,0,0,0,0,0,0,0,1,0,0,0,1,0,NaN,NaN,NaN,NaN,NaN,NaN,NaN,NaN,NaN,NaN,0,0,,
60,0.6796051,0.6,0,ответная передача,1,0,1,0,0,0,0,0,0,0,0,0,0,0,0,1,0,0,0,1,0,NaN,NaN,NaN,NaN,NaN,NaN,NaN,NaN,NaN,NaN,0,0,,
61,0.6918031,0.61,0,ответная передача,1,0,1,0,0,0,0,0,0,0,0,0,0,0,0,1,0,0,0,1,0,NaN,NaN,NaN,NaN,NaN,NaN,NaN,NaN,NaN,NaN,0,0,,
62,0.7023361,0.62,535,ответная передача,1,0,1,0,0,0,0,0,0,0,0,0,0,0,0,1,0,0,0,1,0,NaN,NaN,NaN,NaN,NaN,NaN,NaN,NaN,NaN,NaN,0,0,,
63,0.7152441,0.63,0,ответная передача,1,0,1,0,0,0,0,0,0,0,0,0,0,0,0,1,0,0,0,1,0,NaN,NaN,NaN,NaN,NaN,NaN,NaN,NaN,NaN,NaN,0,0,,
64,0.7276423,0.64,0,ответная передача,1,0,1,0,0,0,0,0,0,0,0,0,0,0,0,1,0,0,0,1,0,NaN,NaN,NaN,NaN,NaN,NaN,NaN,NaN,NaN,NaN,0,0,,
65,0.7374667,0.65,536,ответная передача,1,0,1,0,0,0,0,0,0,0,0,0,0,0,0,1,0,0,0,1,0,NaN,NaN,NaN,NaN,NaN,NaN,NaN,NaN,NaN,NaN,0,0,,
66,0.7514726,0.66,0,ответная передача,1,0,1,0,0,0,0,0,0,0,0,0,0,0,0,1,0,0,0,1,0,NaN,NaN,NaN,NaN,NaN,NaN,NaN,NaN,NaN,NaN,0,0,,
67,0.7635413,0.67,0,ответная передача,1,0,1,0,0,0,0,0,0,0,0,0,0,0,0,1,0,0,0,1,0,NaN,NaN,NaN,NaN,NaN,NaN,NaN,NaN,NaN,NaN,0,0,,
68,0.7724961,0.68,537,ответная передача,1,0,1,0,0,0,0,0,0,0,0,0,0,0,0,1,0,0,0,1,0,NaN,NaN,NaN,NaN,NaN,NaN,NaN,NaN,NaN,NaN,0,0,,
69,0.7855113,0.69,0,ответная передача,1,0,1,0,0,0,0,0,0,0,0,0,0,0,0,1,0,0,0,1,0,NaN,NaN,NaN,NaN,NaN,NaN,NaN,NaN,NaN,NaN,0,0,,
70,0.7980603,0.7,0,ответная передача,1,0,1,0,0,0,0,0,0,0,0,0,0,0,0,1,0,0,0,1,0,NaN,NaN,NaN,NaN,NaN,NaN,NaN,NaN,NaN,NaN,0,0,,
71,0.8102078,0.71,0,ответная передача,1,0,1,0,0,0,0,0,0,0,0,0,0,0,0,1,0,0,0,1,0,NaN,NaN,NaN,NaN,NaN,NaN,NaN,NaN,NaN,NaN,0,0,,
72,0.8124286,0.72,538,ответная передача,1,0,1,0,0,0,0,0,0,0,0,0,0,0,0,1,0,0,0,1,0,NaN,NaN,NaN,NaN,NaN,NaN,NaN,NaN,NaN,NaN,0,0,,
73,0.8252282,0.73,0,ответная передача,1,0,1,0,0,0,0,0,0,0,0,0,0,0,0,1,0,0,0,1,0,NaN,NaN,NaN,NaN,NaN,NaN,NaN,NaN,NaN,NaN,0,0,,
74,0.8376848,0.74,0,ответная передача,1,0,1,0,0,0,0,0,0,0,0,0,0,0,0,1,0,0,0,1,0,NaN,NaN,NaN,NaN,NaN,NaN,NaN,NaN,NaN,NaN,0,0,,
75,0.845823,0.75,539,ответная передача,1,0,1,0,0,0,0,0,0,0,0,0,0,0,0,1,0,0,0,1,0,NaN,NaN,NaN,NaN,NaN,NaN,NaN,NaN,NaN,NaN,0,0,,
76,0.8587421,0.76,0,ответная передача,1,0,1,0,0,0,0,0,0,0,0,0,0,0,0,1,0,0,0,1,0,NaN,NaN,NaN,NaN,NaN,NaN,NaN,NaN,NaN,NaN,0,0,,
77,0.871064,0.77,0,ответная передача,1,0,1,0,0,0,0,0,0,0,0,0,0,0,0,1,0,0,0,1,0,NaN,NaN,NaN,NaN,NaN,NaN,NaN,NaN,NaN,NaN,0,0,,
78,0.8803764,0.78,540,ответная передача,1,0,1,0,0,0,0,0,0,0,0,0,0,0,0,1,0,0,0,1,0,NaN,NaN,NaN,NaN,NaN,NaN,NaN,NaN,NaN,NaN,0,0,,
79,0.8941307,0.79,0,ответная передача,1,0,1,0,0,0,0,0,0,0,0,0,0,0,0,1,0,0,0,1,0,NaN,NaN,NaN,NaN,NaN,NaN,NaN,NaN,NaN,NaN,0,0,,
80,0.906538,0.8,0,ответная передача,1,0,1,0,0,0,0,0,0,0,0,0,0,0,0,1,0,0,0,1,0,NaN,NaN,NaN,NaN,NaN,NaN,NaN,NaN,NaN,NaN,0,0,,
81,0.9186633,0.81,0,ответная передача,1,0,1,0,0,0,0,0,0,0,0,0,0,0,0,1,0,0,0,1,0,NaN,NaN,NaN,NaN,NaN,NaN,NaN,NaN,NaN,NaN,0,0,,
82,0.9206317,0.820000000000001,541,ответная передача,1,0,1,0,0,0,0,0,0,0,0,0,0,0,0,1,0,0,0,1,0,NaN,NaN,NaN,NaN,NaN,NaN,NaN,NaN,NaN,NaN,0,0,,
83,0.9337482,0.830000000000001,0,ответная передача,1,0,1,0,0,0,0,0,0,0,0,0,0,0,0,1,0,0,0,1,0,NaN,NaN,NaN,NaN,NaN,NaN,NaN,NaN,NaN,NaN,0,0,,
84,0.9466899,0.840000000000001,0,ответная передача,1,0,1,0,0,0,0,0,0,0,0,0,0,0,0,1,0,0,0,1,0,NaN,NaN,NaN,NaN,NaN,NaN,NaN,NaN,NaN,NaN,0,0,,
85,0.9549622,0.850000000000001,542,ответная передача,1,0,1,0,0,0,0,0,0,0,0,0,0,0,0,1,0,0,0,1,0,NaN,NaN,NaN,NaN,NaN,NaN,NaN,NaN,NaN,NaN,0,0,,
86,0.9678297,0.860000000000001,0,ответная передача,1,0,1,0,0,0,0,0,0,0,0,0,0,0,0,1,0,0,0,1,0,NaN,NaN,NaN,NaN,NaN,NaN,NaN,NaN,NaN,NaN,0,0,,
87,0.9802758,0.870000000000001,0,ответная передача,1,0,1,0,0,0,0,0,0,0,0,0,0,0,0,1,0,0,0,1,0,NaN,NaN,NaN,NaN,NaN,NaN,NaN,NaN,NaN,NaN,0,0,,
88,0.9920998,0.880000000000001,543,ответная передача,1,0,1,0,0,0,0,0,0,0,0,0,0,0,0,1,0,0,0,1,0,NaN,NaN,NaN,NaN,NaN,NaN,NaN,NaN,NaN,NaN,0,0,,
89,1.0055361,0.890000000000001,0,ответная передача,1,0,1,0,0,0,0,0,0,0,0,0,0,0,0,1,0,0,0,1,0,NaN,NaN,NaN,NaN,NaN,NaN,NaN,NaN,NaN,NaN,0,0,,
90,1.0180623,0.900000000000001,0,ответная передача,1,0,1,0,0,0,0,0,0,0,0,0,0,0,0,1,0,0,0,1,0,NaN,NaN,NaN,NaN,NaN,NaN,NaN,NaN,NaN,NaN,0,0,,
91,1.0300287,0.910000000000001,0,ответная передача,1,0,1,0,0,0,0,0,0,0,0,0,0,0,0,1,0,0,0,1,0,NaN,NaN,NaN,NaN,NaN,NaN,NaN,NaN,NaN,NaN,0,0,,
92,1.0422477,0.920000000000001,0,ответная передача,1,0,1,0,0,0,0,0,0,0,0,0,0,0,0,1,0,0,0,1,0,NaN,NaN,NaN,NaN,NaN,NaN,NaN,NaN,NaN,NaN,0,0,,
93,1.0545,0.930000000000001,0,ответная передача,1,0,1,0,0,0,0,0,0,0,0,0,0,0,0,1,0,0,0,1,0,NaN,NaN,NaN,NaN,NaN,NaN,NaN,NaN,NaN,NaN,0,0,,
94,1.0643037,0.940000000000001,544,ответная передача,1,0,1,0,0,0,0,0,0,0,0,0,0,0,0,1,0,0,0,1,0,NaN,NaN,NaN,NaN,NaN,NaN,NaN,NaN,NaN,NaN,0,0,,
95,1.0774526,0.950000000000001,0,ответная передача,1,0,1,0,0,0,0,0,0,0,0,0,0,0,0,1,0,0,0,1,0,NaN,NaN,NaN,NaN,NaN,NaN,NaN,NaN,NaN,NaN,0,0,,
96,1.0899731,0.960000000000001,0,ответная передача,1,0,1,0,0,0,0,0,0,0,0,0,0,0,0,1,0,0,0,1,0,NaN,NaN,NaN,NaN,NaN,NaN,NaN,NaN,NaN,NaN,0,0,,
97,1.1005833,0.970000000000001,545,ответная передача,1,0,1,0,0,0,0,0,0,0,0,0,0,0,0,1,0,0,0,1,0,NaN,NaN,NaN,NaN,NaN,NaN,NaN,NaN,NaN,NaN,0,0,,
98,1.1140057,0.980000000000001,0,ответная передача,1,0,1,0,0,0,0,0,0,0,0,0,0,0,0,1,0,0,0,1,0,NaN,NaN,NaN,NaN,NaN,NaN,NaN,NaN,NaN,NaN,0,0,,
99,1.1262027,0.990000000000001,0,ответная передача,1,0,1,0,0,0,0,0,0,0,0,0,0,0,0,1,0,0,0,1,0,NaN,NaN,NaN,NaN,NaN,NaN,NaN,NaN,NaN,NaN,0,0,,
100,1.1384917,1,0,ответная передача,1,0,1,0,0,0,0,0,0,0,0,0,0,0,0,1,0,0,0,1,0,NaN,NaN,NaN,NaN,NaN,NaN,NaN,NaN,NaN,NaN,0,0,,
101,1.1418278,1.01,546,ответная передача,1,0,1,0,0,0,0,0,0,0,0,0,0,0,0,1,0,0,0,1,0,NaN,NaN,NaN,NaN,NaN,NaN,NaN,NaN,NaN,NaN,0,0,,
102,1.1549062,1.02,0,ответная передача,1,0,1,0,0,0,0,0,0,0,0,0,0,0,0,1,0,0,0,1,0,NaN,NaN,NaN,NaN,NaN,NaN,NaN,NaN,NaN,NaN,0,0,,
103,1.1669484,1.03,0,ответная передача,1,0,1,0,0,0,0,0,0,0,0,0,0,0,0,1,0,0,0,1,0,NaN,NaN,NaN,NaN,NaN,NaN,NaN,NaN,NaN,NaN,0,0,,
104,1.1749094,1.04,547,ответная передача,1,0,1,0,0,0,0,0,0,0,0,0,0,0,0,1,0,0,0,1,0,NaN,NaN,NaN,NaN,NaN,NaN,NaN,NaN,NaN,NaN,0,0,,
105,1.1884061,1.05,0,ответная передача,1,0,1,0,0,0,0,0,0,0,0,0,0,0,0,1,0,0,0,1,0,NaN,NaN,NaN,NaN,NaN,NaN,NaN,NaN,NaN,NaN,0,0,,
106,1.2006205,1.06,0,ответная передача,1,0,1,0,0,0,0,0,0,0,0,0,0,0,0,1,0,0,0,1,0,NaN,NaN,NaN,NaN,NaN,NaN,NaN,NaN,NaN,NaN,0,0,,
107,1.2082037,1.07,548,ответная передача,1,0,1,0,0,0,0,0,0,0,0,0,0,0,0,1,0,0,0,1,0,NaN,NaN,NaN,NaN,NaN,NaN,NaN,NaN,NaN,NaN,0,0,,
108,1.22102,1.08,0,ответная передача,1,0,1,0,0,0,0,0,0,0,0,0,0,0,0,1,0,0,0,1,0,NaN,NaN,NaN,NaN,NaN,NaN,NaN,NaN,NaN,NaN,0,0,,
109,1.2330833,1.09,0,ответная передача,1,0,1,0,0,0,0,0,0,0,0,0,0,0,0,1,0,0,0,1,0,NaN,NaN,NaN,NaN,NaN,NaN,NaN,NaN,NaN,NaN,0,0,,
110,1.2517787,1.1,0,ответная передача,1,0,1,0,0,0,0,0,0,0,0,0,0,0,0,1,0,0,0,1,0,NaN,NaN,NaN,NaN,NaN,NaN,NaN,NaN,NaN,NaN,0,0,,
111,1.2647587,1.11,0,ответная передача,1,0,1,0,0,0,0,0,0,0,0,0,0,0,0,1,0,0,0,1,0,NaN,NaN,NaN,NaN,NaN,NaN,NaN,NaN,NaN,NaN,0,0,,
112,1.2772545,1.12,0,ответная передача,1,0,1,0,0,0,0,0,0,0,0,0,0,0,0,1,0,0,0,1,0,NaN,NaN,NaN,NaN,NaN,NaN,NaN,NaN,NaN,NaN,0,0,,
113,1.2904794,1.13,0,ответная передача,1,0,1,0,0,0,0,0,0,0,0,0,0,0,0,1,0,0,0,1,0,NaN,NaN,NaN,NaN,NaN,NaN,NaN,NaN,NaN,NaN,0,0,,
114,1.2959955,1.14,549,ответная передача,1,0,1,0,0,0,0,0,0,0,0,0,0,0,0,1,0,0,0,1,0,NaN,NaN,NaN,NaN,NaN,NaN,NaN,NaN,NaN,NaN,0,0,,
115,1.3103156,1.15,0,ответная передача,1,0,1,0,0,0,0,0,0,0,0,0,0,0,0,1,0,0,0,1,0,NaN,NaN,NaN,NaN,NaN,NaN,NaN,NaN,NaN,NaN,0,0,,
116,1.3238692,1.16,0,ответная передача,1,0,1,0,0,0,0,0,0,0,0,0,0,0,0,1,0,0,0,1,0,NaN,NaN,NaN,NaN,NaN,NaN,NaN,NaN,NaN,NaN,0,0,,
117,1.3371037,1.17,0,ответная передача,1,0,1,0,0,0,0,0,0,0,0,0,0,0,0,1,0,0,0,1,0,NaN,NaN,NaN,NaN,NaN,NaN,NaN,NaN,NaN,NaN,0,0,,
118,1.3443561,1.18,550,ответная передача,1,0,1,0,0,0,0,0,0,0,0,0,0,0,0,1,0,0,0,1,0,NaN,NaN,NaN,NaN,NaN,NaN,NaN,NaN,NaN,NaN,0,0,,
119,1.3582041,1.19,0,ответная передача,1,0,1,0,0,0,0,0,0,0,0,0,0,0,0,1,0,0,0,1,0,NaN,NaN,NaN,NaN,NaN,NaN,NaN,NaN,NaN,NaN,0,0,,
120,1.3702395,1.2,0,ответная передача,1,0,1,0,0,0,0,0,0,0,0,0,0,0,0,1,0,0,0,1,0,NaN,NaN,NaN,NaN,NaN,NaN,NaN,NaN,NaN,NaN,0,0,,
121,1.382139,1.21,0,ответная передача,1,0,1,0,0,0,0,0,0,0,0,0,0,0,0,1,0,0,0,1,0,NaN,NaN,NaN,NaN,NaN,NaN,NaN,NaN,NaN,NaN,0,0,,
122,1.3902529,1.22,551,ответная передача,1,0,1,0,0,0,0,0,0,0,0,0,0,0,0,1,0,0,0,1,0,NaN,NaN,NaN,NaN,NaN,NaN,NaN,NaN,NaN,NaN,0,0,,
123,1.4044916,1.23,0,ответная передача,1,0,1,0,0,0,0,0,0,0,0,0,0,0,0,1,0,0,0,1,0,NaN,NaN,NaN,NaN,NaN,NaN,NaN,NaN,NaN,NaN,0,0,,
124,1.4172459,1.24,0,ответная передача,1,0,1,0,0,0,0,0,0,0,0,0,0,0,0,1,0,0,0,1,0,NaN,NaN,NaN,NaN,NaN,NaN,NaN,NaN,NaN,NaN,0,0,,
125,1.4250208,1.25,552,ответная передача,1,0,1,0,0,0,0,0,0,0,0,0,0,0,0,1,0,0,0,1,0,NaN,NaN,NaN,NaN,NaN,NaN,NaN,NaN,NaN,NaN,0,0,,
126,1.4383228,1.26,0,ответная передача,1,0,1,0,0,0,0,0,0,0,0,0,0,0,0,1,0,0,0,1,0,NaN,NaN,NaN,NaN,NaN,NaN,NaN,NaN,NaN,NaN,0,0,,
127,1.4506982,1.27,0,ответная передача,1,0,1,0,0,0,0,0,0,0,0,0,0,0,0,1,0,0,0,1,0,NaN,NaN,NaN,NaN,NaN,NaN,NaN,NaN,NaN,NaN,0,0,,
128,1.4585335,1.28,553,ответная передача,1,0,1,0,0,0,0,0,0,0,0,0,0,0,0,1,0,0,0,1,0,NaN,NaN,NaN,NaN,NaN,NaN,NaN,NaN,NaN,NaN,0,0,,
129,1.4714535,1.29,0,ответная передача,1,0,1,0,0,0,0,0,0,0,0,0,0,0,0,1,0,0,0,1,0,NaN,NaN,NaN,NaN,NaN,NaN,NaN,NaN,NaN,NaN,0,0,,
130,1.4840462,1.3,0,ответная передача,1,0,1,0,0,0,0,0,0,0,0,0,0,0,0,1,0,0,0,1,0,NaN,NaN,NaN,NaN,NaN,NaN,NaN,NaN,NaN,NaN,0,0,,
131,1.4968032,1.31,0,ответная передача,1,0,1,0,0,0,0,0,0,0,0,0,0,0,0,1,0,0,0,1,0,NaN,NaN,NaN,NaN,NaN,NaN,NaN,NaN,NaN,NaN,0,0,,
132,1.4996226,1.32,554,ответная передача,1,0,1,0,0,0,0,0,0,0,0,0,0,0,0,1,0,0,0,1,0,NaN,NaN,NaN,NaN,NaN,NaN,NaN,NaN,NaN,NaN,0,0,,
133,1.5124333,1.33,0,ответная передача,1,0,1,0,0,0,0,0,0,0,0,0,0,0,0,1,0,0,0,1,0,NaN,NaN,NaN,NaN,NaN,NaN,NaN,NaN,NaN,NaN,0,0,,
134,1.5250042,1.34,0,ответная передача,1,0,1,0,0,0,0,0,0,0,0,0,0,0,0,1,0,0,0,1,0,NaN,NaN,NaN,NaN,NaN,NaN,NaN,NaN,NaN,NaN,0,0,,
135,1.5334117,1.35,555,ответная передача,1,0,1,0,0,0,0,0,0,0,0,0,0,0,0,1,0,0,0,1,0,NaN,NaN,NaN,NaN,NaN,NaN,NaN,NaN,NaN,NaN,0,0,,
136,1.5478568,1.36,0,ответная передача,1,0,1,0,0,0,0,0,0,0,0,0,0,0,0,1,0,0,0,1,0,NaN,NaN,NaN,NaN,NaN,NaN,NaN,NaN,NaN,NaN,0,0,,
137,1.5600584,1.37,0,ответная передача,1,0,1,0,0,0,0,0,0,0,0,0,0,0,0,1,0,0,0,1,0,NaN,NaN,NaN,NaN,NaN,NaN,NaN,NaN,NaN,NaN,0,0,,
138,1.5662805,1.38,556,ответная передача,1,0,1,0,0,0,0,0,0,0,0,0,0,0,0,1,0,0,0,1,0,NaN,NaN,NaN,NaN,NaN,NaN,NaN,NaN,NaN,NaN,0,0,,
139,1.579439,1.39,0,ответная передача,1,0,1,0,0,0,0,0,0,0,0,0,0,0,0,1,0,0,0,1,0,NaN,NaN,NaN,NaN,NaN,NaN,NaN,NaN,NaN,NaN,0,0,,
140,1.5915781,1.4,0,ответная передача,1,0,1,0,0,0,0,0,0,0,0,0,0,0,0,1,0,0,0,1,0,NaN,NaN,NaN,NaN,NaN,NaN,NaN,NaN,NaN,NaN,0,0,,
141,1.6038507,1.41,0,ответная передача,1,0,1,0,0,0,0,0,0,0,0,0,0,0,0,1,0,0,0,1,0,NaN,NaN,NaN,NaN,NaN,NaN,NaN,NaN,NaN,NaN,0,0,,
142,1.6124607,1.42,557,ответная передача,1,0,1,0,0,0,0,0,0,0,0,0,0,0,0,1,0,0,0,1,0,NaN,NaN,NaN,NaN,NaN,NaN,NaN,NaN,NaN,NaN,0,0,,
143,1.6254063,1.43,0,ответная передача,1,0,1,0,0,0,0,0,0,0,0,0,0,0,0,1,0,0,0,1,0,NaN,NaN,NaN,NaN,NaN,NaN,NaN,NaN,NaN,NaN,0,0,,
144,1.637423,1.44,0,ответная передача,1,0,1,0,0,0,0,0,0,0,0,0,0,0,0,1,0,0,0,1,0,NaN,NaN,NaN,NaN,NaN,NaN,NaN,NaN,NaN,NaN,0,0,,
145,1.6471802,1.45,558,ответная передача,1,0,1,0,0,0,0,0,0,0,0,0,0,0,0,1,0,0,0,1,0,NaN,NaN,NaN,NaN,NaN,NaN,NaN,NaN,NaN,NaN,0,0,,
146,1.6602396,1.46,0,ответная передача,1,0,1,0,0,0,0,0,0,0,0,0,0,0,0,1,0,0,0,1,0,NaN,NaN,NaN,NaN,NaN,NaN,NaN,NaN,NaN,NaN,0,0,,
147,1.6726022,1.47,0,ответная передача,1,0,1,0,0,0,0,0,0,0,0,0,0,0,0,1,0,0,0,1,0,NaN,NaN,NaN,NaN,NaN,NaN,NaN,NaN,NaN,NaN,0,0,,
148,1.6836196,1.48,559,ответная передача,1,0,1,0,0,0,0,0,0,0,0,0,0,0,0,1,0,0,0,1,0,NaN,NaN,NaN,NaN,NaN,NaN,NaN,NaN,NaN,NaN,0,0,,
149,1.6962346,1.49,0,ответная передача,1,0,1,0,0,0,0,0,0,0,0,0,0,0,0,1,0,0,0,1,0,NaN,NaN,NaN,NaN,NaN,NaN,NaN,NaN,NaN,NaN,0,0,,
150,1.7089214,1.5,0,ответная передача,1,0,1,0,0,0,0,0,0,0,0,0,0,0,0,1,0,0,0,1,0,NaN,NaN,NaN,NaN,NaN,NaN,NaN,NaN,NaN,NaN,0,0,,
151,1.7203844,1.51,560,ответная передача,1,0,1,0,0,0,0,0,0,0,0,0,0,0,0,1,0,0,0,1,0,NaN,NaN,NaN,NaN,NaN,NaN,NaN,NaN,NaN,NaN,0,0,,
152,1.7334849,1.52,0,ответная передача,1,0,1,0,0,0,0,0,0,0,0,0,0,0,0,1,0,0,0,1,0,NaN,NaN,NaN,NaN,NaN,NaN,NaN,NaN,NaN,NaN,0,0,,
153,1.7460035,1.53,0,ответная передача,1,0,1,0,0,0,0,0,0,0,0,0,0,0,0,1,0,0,0,1,0,NaN,NaN,NaN,NaN,NaN,NaN,NaN,NaN,NaN,NaN,0,0,,
154,1.7547139,1.54,561,ответная передача,1,0,1,0,0,0,0,0,0,0,0,0,0,0,0,1,0,0,0,1,0,NaN,NaN,NaN,NaN,NaN,NaN,NaN,NaN,NaN,NaN,0,0,,
155,1.7674864,1.55,0,ответная передача,1,0,1,0,0,0,0,0,0,0,0,0,0,0,0,1,0,0,0,1,0,NaN,NaN,NaN,NaN,NaN,NaN,NaN,NaN,NaN,NaN,0,0,,
156,1.7799232,1.56,0,ответная передача,1,0,1,0,0,0,0,0,0,0,0,0,0,0,0,1,0,0,0,1,0,NaN,NaN,NaN,NaN,NaN,NaN,NaN,NaN,NaN,NaN,0,0,,
157,1.7880041,1.57,562,ответная передача,1,0,1,0,0,0,0,0,0,0,0,0,0,0,0,1,0,0,0,1,0,NaN,NaN,NaN,NaN,NaN,NaN,NaN,NaN,NaN,NaN,0,0,,
158,1.8006851,1.58,0,ответная передача,1,0,1,0,0,0,0,0,0,0,0,0,0,0,0,1,0,0,0,1,0,NaN,NaN,NaN,NaN,NaN,NaN,NaN,NaN,NaN,NaN,0,0,,
159,1.8128252,1.59,0,ответная передача,1,0,1,0,0,0,0,0,0,0,0,0,0,0,0,1,0,0,0,1,0,NaN,NaN,NaN,NaN,NaN,NaN,NaN,NaN,NaN,NaN,0,0,,
160,1.8257449,1.6,0,ответная передача,1,0,1,0,0,0,0,0,0,0,0,0,0,0,0,1,0,0,0,1,0,NaN,NaN,NaN,NaN,NaN,NaN,NaN,NaN,NaN,NaN,0,0,,
161,1.8289357,1.61,563,ответная передача,1,0,1,0,0,0,0,0,0,0,0,0,0,0,0,1,0,0,0,1,0,NaN,NaN,NaN,NaN,NaN,NaN,NaN,NaN,NaN,NaN,0,0,,
162,1.842162,1.62,0,ответная передача,1,0,1,0,0,0,0,0,0,0,0,0,0,0,0,1,0,0,0,1,0,NaN,NaN,NaN,NaN,NaN,NaN,NaN,NaN,NaN,NaN,0,0,,
163,1.8542877,1.63,0,ответная передача,1,0,1,0,0,0,0,0,0,0,0,0,0,0,0,1,0,0,0,1,0,NaN,NaN,NaN,NaN,NaN,NaN,NaN,NaN,NaN,NaN,0,0,,
164,1.8629086,1.64,564,ответная передача,1,0,1,0,0,0,0,0,0,0,0,0,0,0,0,1,0,0,0,1,0,NaN,NaN,NaN,NaN,NaN,NaN,NaN,NaN,NaN,NaN,0,0,,
165,1.875801,1.65,0,ответная передача,1,0,1,0,0,0,0,0,0,0,0,0,0,0,0,1,0,0,0,1,0,NaN,NaN,NaN,NaN,NaN,NaN,NaN,NaN,NaN,NaN,0,0,,
166,1.8877543,1.66,0,ответная передача,1,0,1,0,0,0,0,0,0,0,0,0,0,0,0,1,0,0,0,1,0,NaN,NaN,NaN,NaN,NaN,NaN,NaN,NaN,NaN,NaN,0,0,,
167,1.8973014,1.67,565,ответная передача,1,0,1,0,0,0,0,0,0,0,0,0,0,0,0,1,0,0,0,1,0,NaN,NaN,NaN,NaN,NaN,NaN,NaN,NaN,NaN,NaN,0,0,,
168,1.9103531,1.68,0,ответная передача,1,0,1,0,0,0,0,0,0,0,0,0,0,0,0,1,0,0,0,1,0,NaN,NaN,NaN,NaN,NaN,NaN,NaN,NaN,NaN,NaN,0,0,,
169,1.9232328,1.69,0,ответная передача,1,0,1,0,0,0,0,0,0,0,0,0,0,0,0,1,0,0,0,1,0,NaN,NaN,NaN,NaN,NaN,NaN,NaN,NaN,NaN,NaN,0,0,,
170,1.9351532,1.7,0,ответная передача,1,0,1,0,0,0,0,0,0,0,0,0,0,0,0,1,0,0,0,1,0,NaN,NaN,NaN,NaN,NaN,NaN,NaN,NaN,NaN,NaN,0,0,,
171,1.9475115,1.71,0,ответная передача,1,0,1,0,0,0,0,0,0,0,0,0,0,0,0,1,0,0,0,1,0,NaN,NaN,NaN,NaN,NaN,NaN,NaN,NaN,NaN,NaN,0,0,,
172,1.9599108,1.72,0,ответная передача,1,0,1,0,0,0,0,0,0,0,0,0,0,0,0,1,0,0,0,1,0,NaN,NaN,NaN,NaN,NaN,NaN,NaN,NaN,NaN,NaN,0,0,,
173,1.9715739,1.73,566,ответная передача,1,0,1,0,0,0,0,0,0,0,0,0,0,0,0,1,0,0,0,1,0,NaN,NaN,NaN,NaN,NaN,NaN,NaN,NaN,NaN,NaN,0,0,,
174,1.9841215,1.74,0,ответная передача,1,0,1,0,0,0,0,0,0,0,0,0,0,0,0,1,0,0,0,1,0,NaN,NaN,NaN,NaN,NaN,NaN,NaN,NaN,NaN,NaN,0,0,,
175,1.9964234,1.75,0,ответная передача,1,0,1,0,0,0,0,0,0,0,0,0,0,0,0,1,0,0,0,1,0,NaN,NaN,NaN,NaN,NaN,NaN,NaN,NaN,NaN,NaN,0,0,,
176,2.0047776,1.76,567,ответная передача,1,0,1,0,0,0,0,0,0,0,0,0,0,0,0,1,0,0,0,1,0,NaN,NaN,NaN,NaN,NaN,NaN,NaN,NaN,NaN,NaN,0,0,,
177,2.0181199,1.77,0,ответная передача,1,0,1,0,0,0,0,0,0,0,0,0,0,0,0,1,0,0,0,1,0,NaN,NaN,NaN,NaN,NaN,NaN,NaN,NaN,NaN,NaN,0,0,,
178,2.0301707,1.78,0,ответная передача,1,0,1,0,0,0,0,0,0,0,0,0,0,0,0,1,0,0,0,1,0,NaN,NaN,NaN,NaN,NaN,NaN,NaN,NaN,NaN,NaN,0,0,,
179,2.0423019,1.79,0,ответная передача,1,0,1,0,0,0,0,0,0,0,0,0,0,0,0,1,0,0,0,1,0,NaN,NaN,NaN,NaN,NaN,NaN,NaN,NaN,NaN,NaN,0,0,,
180,2.0462231,1.8,568,ответная передача,1,0,1,0,0,0,0,0,0,0,0,0,0,0,0,1,0,0,0,1,0,NaN,NaN,NaN,NaN,NaN,NaN,NaN,NaN,NaN,NaN,0,0,,
181,2.0588533,1.81,0,ответная передача,1,0,1,0,0,0,0,0,0,0,0,0,0,0,0,1,0,0,0,1,0,NaN,NaN,NaN,NaN,NaN,NaN,NaN,NaN,NaN,NaN,0,0,,
182,2.0710124,1.82,0,ответная передача,1,0,1,0,0,0,0,0,0,0,0,0,0,0,0,1,0,0,0,1,0,NaN,NaN,NaN,NaN,NaN,NaN,NaN,NaN,NaN,NaN,0,0,,
183,2.0834593,1.83,569,ответная передача,1,0,1,0,0,0,0,0,0,0,0,0,0,0,0,1,0,0,0,1,0,NaN,NaN,NaN,NaN,NaN,NaN,NaN,NaN,NaN,NaN,0,0,,
184,2.0963491,1.84,0,ответная передача,1,0,1,0,0,0,0,0,0,0,0,0,0,0,0,1,0,0,0,1,0,NaN,NaN,NaN,NaN,NaN,NaN,NaN,NaN,NaN,NaN,0,0,,
185,2.1085343,1.85,0,ответная передача,1,0,1,0,0,0,0,0,0,0,0,0,0,0,0,1,0,0,0,1,0,NaN,NaN,NaN,NaN,NaN,NaN,NaN,NaN,NaN,NaN,0,0,,
186,2.1171067,1.86,570,ответная передача,1,0,1,0,0,0,0,0,0,0,0,0,0,0,0,1,0,0,0,1,0,NaN,NaN,NaN,NaN,NaN,NaN,NaN,NaN,NaN,NaN,0,0,,
187,2.1303023,1.87,0,ответная передача,1,0,1,0,0,0,0,0,0,0,0,0,0,0,0,1,0,0,0,1,0,NaN,NaN,NaN,NaN,NaN,NaN,NaN,NaN,NaN,NaN,0,0,,
188,2.1422594,1.88,0,ответная передача,1,0,1,0,0,0,0,0,0,0,0,0,0,0,0,1,0,0,0,1,0,NaN,NaN,NaN,NaN,NaN,NaN,NaN,NaN,NaN,NaN,0,0,,
189,2.1543108,1.89,0,ответная передача,1,0,1,0,0,0,0,0,0,0,0,0,0,0,0,1,0,0,0,1,0,NaN,NaN,NaN,NaN,NaN,NaN,NaN,NaN,NaN,NaN,0,0,,
190,2.1581613,1.9,571,ответная передача,1,0,1,0,0,0,0,0,0,0,0,0,0,0,0,1,0,0,0,1,0,NaN,NaN,NaN,NaN,NaN,NaN,NaN,NaN,NaN,NaN,0,0,,
191,2.1709616,1.91,0,ответная передача,1,0,1,0,0,0,0,0,0,0,0,0,0,0,0,1,0,0,0,1,0,NaN,NaN,NaN,NaN,NaN,NaN,NaN,NaN,NaN,NaN,0,0,,
192,2.1830452,1.92,0,ответная передача,1,0,1,0,0,0,0,0,0,0,0,0,0,0,0,1,0,0,0,1,0,NaN,NaN,NaN,NaN,NaN,NaN,NaN,NaN,NaN,NaN,0,0,,
193,2.1915529,1.93,572,ответная передача,1,0,1,0,0,0,0,0,0,0,0,0,0,0,0,1,0,0,0,1,0,NaN,NaN,NaN,NaN,NaN,NaN,NaN,NaN,NaN,NaN,0,0,,
194,2.2046654,1.94,0,ответная передача,1,0,1,0,0,0,0,0,0,0,0,0,0,0,0,1,0,0,0,1,0,NaN,NaN,NaN,NaN,NaN,NaN,NaN,NaN,NaN,NaN,0,0,,
195,2.2175342,1.95,0,ответная передача,1,0,1,0,0,0,0,0,0,0,0,0,0,0,0,1,0,0,0,1,0,NaN,NaN,NaN,NaN,NaN,NaN,NaN,NaN,NaN,NaN,0,0,,
196,2.2254207,1.96,573,ответная передача,1,0,1,0,0,0,0,0,0,0,0,0,0,0,0,1,0,0,0,1,0,NaN,NaN,NaN,NaN,NaN,NaN,NaN,NaN,NaN,NaN,0,0,,
197,2.2386216,1.97,0,ответная передача,1,0,1,0,0,0,0,0,0,0,0,0,0,0,0,1,0,0,0,1,0,NaN,NaN,NaN,NaN,NaN,NaN,NaN,NaN,NaN,NaN,0,0,,
198,2.2514187,1.98,0,ответная передача,1,0,1,0,0,0,0,0,0,0,0,0,0,0,0,1,0,0,0,1,0,NaN,NaN,NaN,NaN,NaN,NaN,NaN,NaN,NaN,NaN,0,0,,
199,2.2633981,1.99,0,ответная передача,1,0,1,0,0,0,0,0,0,0,0,0,0,0,0,1,0,0,0,1,0,NaN,NaN,NaN,NaN,NaN,NaN,NaN,NaN,NaN,NaN,0,0,,
200,2.2684484,2,574,ответная передача,1,0,1,0,0,0,0,0,0,0,0,0,0,0,0,1,0,0,0,1,0,NaN,NaN,NaN,NaN,NaN,NaN,NaN,NaN,NaN,NaN,0,0,,
